Name,Phone 
GOWRISH,9.18619E+11
ABHISHEK,9.18148E+11
CHAITHRA,9.19845E+11
KIRAN,9.17023E+11
harshitha,+919182881913